{
  "Login": [
    {
      "email": "sangusj921@gmail.com",
      "password": "Sangu",
      "id": 1
    },
    {
      "email": "shruthi@gmail.com",
      "password": "Shruthi",
      "id": 2
    },
    {
      "email": "admin@gmail.com",
      "password": "admin",
      "id": 3
    },
    {
      "email": "admin@gmail.com",
      "password": "1234",
      "id": 4
    },
    {
      "email": "admin@gmail.com",
      "password": "123456",
      "id": 5
    },
    {
      "email": "admin@gmail.com",
      "password": "123456",
      "id": 6
    },
    {
      "email": "admin@gmail.com",
      "password": "123456",
      "id": 7
    },
    {
      "email": "admin@gmail.com",
      "password": "123456",
      "id": 8
    },
    {
      "email": "admin@gmail.com",
      "password": "123456",
      "id": 9
    }
  ]
}